{
    "X": {
        "Kp": 0.326955523148147,
        "Ki": 0.1803860766777825,
        "Kd": 0.1948310204643839
    },
    "Y": {
        "Kp": 0.326955523148147,
        "Ki": 0.1803860766777825,
        "Kd": 0.1948310204643839
    }
}